URL,IsHTTPS,HasExternalFormSubmit,HasSubmitButton,HasPasswordField,NoOfExternalRef,label
https://www.miroslavvitous.com,1,0,1,0,63,1
https://my-business-102322-103765.square.site/,1,0,0,0,1,0
https://www.edmsauce.com,1,0,1,0,142,1
https://www.ccit.edu.cn,1,0,1,0,45,1
https://ipfs.litnet.work/ipfs/bafybeieqjbfglnuiidkzqb5ivcdvpc6ksg3eb4sztxcdofg6lfw3gzk4p4,1,0,0,0,0,0
http://u1931684.plsk.regruhosting.ru/ysoo/fr/674116309/i/index.php,0,0,1,0,3,0
https://www.moneey.co.kr,1,0,0,0,9,1
https://www.cdk-technologies.com,1,0,1,0,16,1
https://www.geomodelsolar.eu,1,0,1,0,54,1
https://www.sbba.org.uk,1,0,1,0,60,1
https://www.onegarden.co.uk,1,0,1,0,17,1
https://www.papercalculator.org,1,0,1,0,9,1
https://vviffyatt.square.site/,1,0,0,0,1,0
http://festive-bell.23-147-225-74.plesk.page/googles-lipomte.php,0,0,0,0,0,0
https://stupendousfavorableprotocols.scorebest.repl.co/,1,0,0,0,2,0
http://www.aouynopb.ml,0,0,0,0,0,0
https://www.tisserontorthodontics.com,1,0,1,0,50,1
http://upholldlloggiin.mystrikingly.com/,0,0,0,0,0,0
http://renv934xorasdbolivi40s9d000423.sigue.la/bpingreso.html,0,0,0,0,0,0
https://www.prattcenter.net,1,0,1,0,10,1
https://www.owid.de,1,0,0,0,15,1
https://www.ssca.org.in,1,0,0,0,2,1
https://sjqf-g5vb-f.firebaseapp.com/,1,0,0,0,3,0
https://www.bassie-adriaan.nl,1,0,1,0,34,1
http://www.aquarentboats.com,0,0,0,0,2,0
https://group-sg.web.app/,1,0,0,0,3,0
https://www.nyfd.com,1,0,1,0,115,1
https://www.ousa.org.nz,1,0,1,0,23,1
http://www.kuerennkaycaato-co-jp.kuerccnkayccata.pkoulk.top/ai/?authenticated=true&openid/gp/signin/x&i=a&oauth=m&i?ie=utf8&ref_=rhf_custrec_signina78ad018aac4863d503e27b2b6617c5db9e0011e,0,0,1,0,0,0
https://thebabytheater.com/00ad7e3/,1,0,0,0,0,0
https://n5de23inc.wixsite.com/at-t-mail,1,0,0,0,1,0
https://dev-bancobogotatoken09.pantheonsite.io,1,0,0,0,3,0
https://btbusiness-8f90be.webflow.io/,1,0,0,0,2,0
https://www.b-u-b.de,1,0,1,0,10,1
https://www.cratostoken.com,1,0,1,0,44,1
http://www.nulumelighting.com,0,0,0,0,1,0
https://www.villaspada.net,1,0,1,0,173,1
https://www.milanoretailtour.com,1,0,0,0,65,1
https://www.championforest.org,1,0,0,0,24,1
https://juriskiana7.firebaseapp.com/,1,0,0,0,1,0
https://www.getstem.com.au,1,0,1,0,184,1
https://www.globtroter.info,1,0,0,0,34,1
http://www.dorotheesausset.com,0,0,0,0,0,0
http://www.aogzgfsav57enuf.gq,0,0,0,0,0,0
https://galiciaeminent--ericalopez4.repl.co/,1,0,0,0,2,0
https://www.idalgo.net,1,0,0,0,21,1
http://www.221153.56114.net.cn,0,0,0,0,0,0
https://www.holochain.org,1,0,1,0,48,1
https://www.amzanao.co.ip.pungtha.one/,1,0,0,0,0,0
https://www.dunnsfishfarm.com,1,0,1,0,32,1
https://www.aberdeencity.gov.uk,1,0,1,0,54,1
http://www.ljd.csqoy.com,0,0,0,0,0,0
https://ipfs.litnet.work/ipfs/bafybeifmp3dndquur5ozvqhdghdum2lgjvdm3nhozradqlciz344coxuvy,1,0,0,0,0,0
https://www.macrolibrarsi.it,1,0,1,1,58,1
http://www.aouynops.gq,0,0,0,0,0,0
http://www.bank-japanpostpo.jp,0,0,0,0,0,0
http://www.bopecaptain.0xhost.net,0,0,0,0,0,0
https://webmail-107004.weeblysite.com/,1,0,0,0,4,0
https://www.defenceviewpoints.co.uk,1,0,0,0,13,1
https://www.free-press-release-center.info,1,1,1,1,20,1
https://94c6e9e1-cd6d-422f-9b88-5e77523359e2.id.repl.co,1,0,0,0,2,0
https://www.pluto.media,1,0,1,1,85,1
https://carlotta-unusual-activity-com.alessandrogaylord.ml/chinacantonfairdate/neteasehardest/900/index.php,1,0,1,1,1,0
https://www.olimex.com,1,0,1,0,32,1
https://www.museumofmagneticsoundrecording.org,1,0,1,0,79,1
http://crediyande.temp.swtest.ru/postale/new%20scam%20postale,0,0,0,0,1,0
http://www.s01.vidtod.me,0,0,0,0,0,0
http://1636365.com/assets/40vueuse.4080c24a.js/assets/@vueuse.7ab573ac.js/assets/assets/@floating-ui.4bc9703a.js/assets/,0,0,0,0,1,0
http://www.telomedic.com,0,0,0,0,0,0
http://banreservas-aler.vastserve.com/?i=1,0,0,0,0,1,0
https://flat-king-b0d3.zebwcorp.workers.dev/,1,0,0,0,0,0
https://www-realizesolucoesfinanceiras-com-br-4.rds.land/fatura-renner-hoje?gclid=eaiaiqobchmiy-ak-o6k_aivif_ich1wvgckeaayasaaegivipd_bwe,1,0,0,0,0,0
https://www.ip-paris.fr,1,0,1,0,28,1
https://www.umbertoguidoni.it,1,0,1,0,97,1
https://6754687--subnetwork.repl.co/,1,0,0,0,2,0
https://qgwhbdk.weeblysite.com/,1,0,0,0,4,0
https://www.usdaindonesia.org,1,1,0,0,74,1
https://www.nortoninternetsecurity.cc,1,0,1,0,209,1
http://www.a0560022.xsph.ru,0,0,0,0,0,0
https://sousblockshumajex.undertakerr.repl.co/,1,0,0,0,3,0
https://www.n-t.gr,1,0,1,0,27,1
https://www.tumbleweedhouses.com,1,0,1,0,101,1
http://www.abgeblasen.de,0,0,0,0,1,0
https://www.lowesonline.net,1,0,1,0,159,1
https://www.congresotamaulipas.gob.mx,1,0,0,0,13,1
https://www.tbairport.on.ca,1,0,0,0,183,1
https://www.tapinator.com,1,0,1,0,55,1
https://www.menshaircutadvice.com,1,1,1,0,74,1
https://sttr-track8112.firebaseapp.com/,1,0,0,0,3,0
https://www.telecarecorp.com,1,0,0,0,24,1
https://www.rembrandt.com,1,0,1,0,60,1
http://www.intimylingerie.us,0,0,0,0,0,0
http://www.amerifencewichita.com,0,0,0,0,0,0
https://www.temple-music.com,1,0,1,0,138,1
https://www.unicon.net,1,0,0,0,126,1
https://bafybeihizr7iompssgkw5bdeix4p7yqrszrcpvafywebsgf2nio5l5ppqm.ipfs.cf-ipfs.com/aspxcho.html,1,0,1,1,5,0
https://www.giveawayoftheday.com,1,0,1,0,102,1
https://apptriosposdchek.work.gd/apprstidkopost1.htm,1,0,1,1,0,0
http://79.137.34.254:30332/wp-admin/maint/content/content.php,0,0,0,0,0,0
https://www.protolabs.com,1,0,0,0,57,1
https://maildinshaakckjnw390.web.app/,1,0,0,0,3,0
http://www.regitconference.com,0,0,0,0,1,0
http://www.yucheng01.com,0,0,0,0,0,0
https://www.sanatanexpress.com,1,0,1,0,148,1
https://grandiosesardonicvirus.yosh14.repl.co/,1,0,1,1,0,0
https://www.convious.com,1,0,1,0,128,1
http://www.amazcecm-co-jp.amacaeon.ugsxmq.cn,0,0,0,0,0,0
https://www.elibrary.imf.org,1,0,1,0,23,1
https://cloudflare-ipfs.com/ipfs/bafybeiardsa5er7hxrjr74j6khdgikhmxomx5hrwldrefftslvh72a3rai/officemayoty365.html,1,0,1,0,1,0
https://ry35rv.webwave.dev/,1,0,0,0,0,0
https://www.michellelast.co.uk,1,1,1,0,78,1
https://www.resetera.com,1,0,0,0,6,1
https://www.airtel.lk,1,1,1,0,75,1
https://www.socialinfo.ch,1,0,1,0,170,1
http://mail.dynarnics2.com,0,0,0,0,0,0
https://hd5h-mk5.firebaseapp.com/,1,0,0,0,0,0
http://www.resghmnalt.com,0,0,0,0,0,0
http://www.cateseng.com.hydrogrokit.com,0,0,0,0,0,0
https://attcom-101566.square.site/,1,0,0,0,1,0
https://www.mountainwilderness.org,1,0,1,0,268,1
https://www.willowdaleestate.com,1,0,1,1,99,1
http://mikelanesjeans.com/,0,0,1,1,2,0
http://www.irishcarsagadir.net,0,0,0,0,0,0
https://www.historiccolumbia.org,1,0,1,0,20,1
https://www.renascentbathbody.com.au,1,0,1,1,13,1
http://cf11920.tw1.ru/dretfgdforange/,0,0,0,0,0,0
http://www.cewhg.com,0,0,0,0,0,0
https://www.customwheeloffset.com,1,0,1,1,36,1
http://www.pop.usapappers.com,0,0,0,0,0,0
https://www.newcobeauty.com,1,0,1,1,31,1
https://www.bikereg.com,1,0,1,1,38,1
https://www.concordiacollege.edu,1,0,1,0,224,1
https://www.woodlanddwelling.co.uk,1,0,1,1,16,1
https://www.lexinter.net,1,1,1,1,147,1
https://www.nikka.com,1,0,1,0,18,1
https://vismart.com.my/oypof/xxx,1,0,0,0,1,0
https://www.advancedlockandkey.com.au,1,0,0,0,63,1
https://www.independenturdu.com,1,0,1,0,20,1
https://oorangge.weebly.com/,1,0,0,0,0,0
http://www.abcmlm.com,0,0,0,0,1,0
https://www.marsinvestigations.net,1,0,0,0,2,1
http://www.duck.sh,0,0,0,0,1,0
https://www.ultrason.be,1,0,1,0,22,1
https://www.fabrento.com,1,0,0,0,3,1
http://www.colemanr.cf,0,0,0,0,0,0
https://posten-no-norge.firebaseapp.com/,1,0,0,0,3,0
http://www.adobereaderupdater.com,0,0,0,0,0,0
https://supporto-bper-clientarea.soon.it/application/mobile/public/webapp/digital-login/area-riservata.php,1,0,1,1,0,0
https://www.searchengineguide.com,1,0,0,0,30,1
https://ipfs.io/ipfs/qmrpskfuedubif6sinspw8cqtdgwc4tnvttskspcyr4qaz/,1,0,0,0,0,0
https://www.kammana.com,1,0,1,0,35,1
http://www.44fhfh.com,0,0,0,0,0,0
http://www.nomadroams.com,0,0,0,0,0,0
http://www.maybee.oss-us-west-1.aliyuncs.com,0,0,0,0,0,0
https://fb-restriction-case-977ba.firebaseapp.com/,1,0,0,0,3,0
https://att-103537-105829.weeblysite.com/,1,0,0,0,1,0
https://www.rustinman.com,1,0,1,0,11,1
https://www.lopinion.fr,1,0,1,0,251,1
https://www.pembrokecorgi.org,1,0,0,0,54,1
https://www.condo-consulting.com,1,0,1,0,63,1
https://www.davisinstruments.com,1,0,1,1,31,1
http://www.x64.me,0,0,0,0,0,0
http://www.mindfulness-travels.com,0,0,0,0,1,0
https://www.mo.be,1,0,1,0,102,1
https://www.visioneboutique.com,1,0,1,0,429,1
https://bafybeidc22uufghpwoxlztlskibhl4vqcoakg74p2q5s336565iy46gaj4.ipfs.dweb.link/,1,0,1,0,1,0
https://www.shopandship.com,1,0,1,1,16,1
http://www.downloadlo.com,0,0,0,0,0,0
http://www.essentiaschool.com,0,0,0,0,0,0
https://www.danieltemkin.com,1,0,1,0,13,1
https://onlinequranteaching.com/public/qwe9tjorv54muimd9b8fgz8tkrjisjgj,1,0,0,0,1,0
http://www.pbrand.blocktrail.com,0,0,0,0,0,0
https://www.odc.gov.au,1,0,1,0,9,1
https://www.auss.no,1,0,0,0,2,1
https://www.animenbo.com,1,0,0,0,87,1
http://www.darkmattercompany.com,0,0,0,0,1,0
http://www.boatnet.xyz,0,0,0,0,0,0
http://rockstheme.com/rocks/live-resthyip/,0,0,0,0,0,0
https://www.auboutdelalangue.com,1,0,1,0,417,1
https://www.johannesstoetterart.com,1,0,1,0,113,1
https://ipfs.io/ipfs/qmsycehgpr1llyf1yh72ldtq7xqqjz4qfojskgxggev1e7?filename=mercatile.html,1,0,0,0,0,0
https://fadeologybarbersshops.com/frweb/,1,0,0,0,0,0
https://www.mcreynoldsphotos.org,1,0,0,0,7,1
https://www.theliner.be,1,0,0,0,3,1
https://www.weeblrpress.com,1,0,1,0,19,1
http://www.fesportal.com,0,0,0,0,0,0
http://www.freefire.com.xsph.ru,0,0,0,0,0,0
https://www.keykeg.com,1,0,1,0,13,1
http://www.kueronekayacntn-co-jp.kueronekayacoto.gbykac.top/ai/,0,0,1,0,0,0
https://www.palmbeachdramaworks.org,1,0,0,0,27,1
https://www.cicadetcorps.ky,1,0,1,1,95,1
https://www.olympinclub.com,1,0,0,0,9,1
https://www.afgsc.af.mil,1,0,0,0,38,1
https://exe2tv2y5i.szymonpa.pl/a1legro/email@example.com,1,0,0,0,1,0
http://www.cover.urlfb.co,0,0,0,0,0,0
https://www.sanluisobispo.com,1,0,0,0,145,1
https://secure-2faupdatecoinbase.com/signin?verify=cr51_26245,1,0,1,0,15,0
https://www.cparama.com,1,0,1,0,120,1
https://www.enniomorricone.org,1,0,1,0,64,1
https://bancaenlineaa.pramirez1416.repl.co/,1,0,1,1,0,0
